,eval_time 1,eval_time 3,eval_time 5,eval_time 10
pred_time 12: event_1,0.9989969909729187,0.9989969909729187,0.9989969909729187,0.9976171564733916
pred_time 12: event_2,0.980980980980981,0.9819819819819819,0.9782498735457764,0.9849925229651784
pred_time 20: event_1,0.9979188345473465,0.9976171564733916,0.996078431372549,0.9932432432432432
pred_time 20: event_2,0.9840903089516768,0.9840309230048415,0.9836402318245177,0.9842136358265391
pred_time 30: event_1,0.9933744221879816,0.9933744221879816,0.9936471267686977,0.9936471267686977
pred_time 30: event_2,0.9843068672029848,0.9844541685859051,0.9844541685859051,0.9844541685859051
