,eval_time 1,eval_time 3,eval_time 5,eval_time 10
pred_time 12: event_1,0.00014398527951075591,0.00016190409367777074,0.00022456550144505955,0.0009457609345999208
pred_time 12: event_2,0.0009110874230823696,0.0010243713738018658,0.0014181457367342981,0.005823269859220647
pred_time 20: event_1,0.0007088677807252688,0.001243218460029739,0.001663602370631735,0.0033800739174776745
pred_time 20: event_2,0.0044244776680173155,0.007636685615433879,0.010098014761982178,0.019852812630695216
pred_time 30: event_1,0.0038219997889869946,0.004450325029025772,0.004978036076988234,0.005978470036817588
pred_time 30: event_2,0.02412409564772662,0.028114474925770547,0.03145502038672258,0.03774919175641374
