,eval_time 1,eval_time 3,eval_time 5,eval_time 10
pred_time 12: event_1,0.9969909729187563,0.9969909729187563,0.9969909729187563,0.995763833730474
pred_time 12: event_2,0.986986986986987,0.986986986986987,0.9863429438543247,0.9855265968810083
pred_time 20: event_1,0.9961845300034686,0.995763833730474,0.9949891067538127,0.991722972972973
pred_time 20: event_2,0.9853445999471877,0.9834062158363267,0.9831633775951875,0.9831265508684863
pred_time 30: event_1,0.9913713405238829,0.9913713405238829,0.9917701414958129,0.9917701414958129
pred_time 30: event_2,0.9832109129066107,0.9833947489636112,0.9833947489636112,0.9833947489636112
