,eval_time 1,eval_time 3,eval_time 5,eval_time 10
pred_time 12: event_1,0.00014399254348525657,0.00016188786428806092,0.00022463063716084096,0.0009471629601651186
pred_time 12: event_2,0.0009109561853279406,0.001024257063081449,0.0014195608904108716,0.005810363400044656
pred_time 20: event_1,0.0007091296481378506,0.0012450851317009225,0.0016668633657648526,0.003399493272975222
pred_time 20: event_2,0.004422075447700858,0.007643344624338203,0.010106619328800956,0.01990879528931953
pred_time 30: event_1,0.0038320482941920516,0.004468254889873532,0.004999258046567308,0.00600749680881848
pred_time 30: event_2,0.0241985597751846,0.02821766874616176,0.0315744596691618,0.037930899582751976
