,eval_time 1,eval_time 3,eval_time 5,eval_time 10
pred_time 12: event_1,0.00014397177698403756,0.00016181367608239785,0.00022444175627661466,0.0009421137079836172
pred_time 12: event_2,0.0009109963643146745,0.0010234806606229908,0.0014167313978695672,0.005758398400890812
pred_time 20: event_1,0.0007071555781937775,0.001238801884158279,0.0016587680390909398,0.0033602988352595866
pred_time 20: event_2,0.004408334589478836,0.007589535716341273,0.009984019244169565,0.019442950235302
pred_time 30: event_1,0.0038111659941138082,0.0044307094083260905,0.0049550123993678955,0.005946454194994259
pred_time 30: event_2,0.02410695185756673,0.02806257822034306,0.031393926517436034,0.03766499656790763
