,eval_time 1,eval_time 3,eval_time 5,eval_time 10
pred_time 12: event_1,0.9849548645937813,0.9849548645937813,0.9849548645937813,0.9912629070691025
pred_time 12: event_2,0.9579579579579579,0.9579579579579579,0.9645928174001012,0.9821619312112796
pred_time 20: event_1,0.9920221990981616,0.9912629070691025,0.9906318082788671,0.9893581081081081
pred_time 20: event_2,0.9814496963295485,0.9819615805091363,0.9817328149071969,0.9831029185867896
pred_time 30: event_1,0.9901386748844376,0.9901386748844376,0.9907594571181056,0.9907594571181056
pred_time 30: event_2,0.9832342310831294,0.9835099032703823,0.9835099032703823,0.9835099032703823
