,eval_time 1,eval_time 3,eval_time 5,eval_time 10
pred_time 12: event_1,0.00014399290249355305,0.00016187982681384636,0.00022458845929925524,0.0009459917676593998
pred_time 12: event_2,0.0009108606016086277,0.0010239934882106674,0.001417927714955658,0.0057540663589388825
pred_time 20: event_1,0.0007085624152605795,0.001242478935909808,0.0016645653796162124,0.003387030968440158
pred_time 20: event_2,0.004400092294429359,0.007544083400046616,0.009942861451671125,0.019190907735687514
pred_time 30: event_1,0.0038324519892100448,0.004454393838544214,0.004983265431553799,0.0059859051728767005
pred_time 30: event_2,0.024127075876072813,0.02797214139389646,0.03129553165208223,0.037533451555160476
