,eval_time 1,eval_time 3,eval_time 5,eval_time 10
pred_time 12: event_1,0.9939819458375125,0.9939819458375125,0.9939819458375125,0.9954990733386285
pred_time 12: event_2,0.97997997997998,0.97997997997998,0.9787556904400607,0.9850993377483444
pred_time 20: event_1,0.9958376690946931,0.9954990733386285,0.9947712418300654,0.9923986486486487
pred_time 20: event_2,0.9843543702138896,0.9840309230048415,0.9838969994864647,0.9843790617984166
pred_time 30: event_1,0.9930662557781201,0.9930662557781201,0.9933583598036385,0.9933583598036385
pred_time 30: event_2,0.9844700944386149,0.984661446338093,0.984661446338093,0.9846384154767388
