,eval_time 1,eval_time 3,eval_time 5,eval_time 10
pred_time 12: event_1,1.0,1.0,1.0,0.995763833730474
pred_time 12: event_2,0.985985985985986,0.984984984984985,0.9822964087000505,0.9846720786156804
pred_time 20: event_1,0.9982656954561221,0.9954990733386285,0.9952069716775599,0.9923986486486487
pred_time 20: event_2,0.9840242936361235,0.9830938622520693,0.9828699288386765,0.9835282996573319
pred_time 30: event_1,0.9926040061633282,0.9926040061633282,0.9929252093560497,0.9929252093560497
pred_time 30: event_2,0.9836306400839454,0.9837862736066328,0.9837862736066328,0.9838093044679871
